SerialNo,ScanDate,Ticker,StrategyType,Status,Strategy,EntryDate,Entry,StopLoss,Target,ExitDate,Exit,Outcome,Return,Return%,HoldingDays,Taken,EMA9,EMA21,EMA50,EMA200
1,2026-08-20,ABCAPITAL.NS,ema_confluence,Closed,"Confluence: fresh 9/21 EMA crossover + EMA9>EMA21>EMA50 alignment on 2026-08-20, above EMA50 trend filter. EMA9=404.58 EMA21=404.36 EMA50=394.75",2026-08-21,410.0,384.46,,2026-09-01,394.45,EMA_Cross_Exit,-15.55,-3.79,11.0,Yes,404.58,404.36,394.75,353.1
2,2026-08-20,BRITANNIA.NS,long_term_200ema,Closed,Close crossed above rising EMA200 on 2026-08-20. EMA200=5475.67 (vs 20d ago: 5474.24),2026-08-21,5527.5,4715.8,,2026-08-21,5365.0,Close_Below_EMA,-162.5,-2.94,0.0,Yes,5522.75,5472.33,5391.82,5475.67
3,2026-08-20,FORTIS.NS,long_term_200ema,Closed,Close crossed above rising EMA200 on 2026-08-20. EMA200=911.79 (vs 20d ago: 907.27),2026-08-21,915.15,779.28,,2026-08-21,907.1,Close_Below_EMA,-8.05,-0.88,0.0,Yes,919.32,931.03,940.54,911.79
4,2026-08-20,MARUTI.NS,long_term_200ema,Closed,Close crossed above rising EMA200 on 2026-08-20. EMA200=13801.91 (vs 20d ago: 13796.94),2026-08-21,13809.0,11737.65,,2026-08-21,13565.0,Close_Below_EMA,-244.0,-1.77,0.0,Yes,13811.94,13805.5,13682.92,13801.91
5,2026-08-20,ULTRACEMCO.NS,long_term_200ema,Closed,Close crossed above rising EMA200 on 2026-08-20. EMA200=11535.42 (vs 20d ago: 11475.64),2026-08-21,11549.0,9838.75,,2026-08-24,11504.0,Close_Below_EMA,-45.0,-0.39,3.0,Yes,11663.29,11707.5,11589.69,11535.42
6,2026-08-20,ZEEL.NS,ema_confluence,Closed,"Confluence: fresh 9/21 EMA crossover + EMA9>EMA21>EMA50 alignment on 2026-08-20, above EMA50 trend filter. EMA9=102.41 EMA21=101.97 EMA50=101.68",2026-08-21,108.5,101.55,,2026-08-31,101.55,Stop,-6.95,-6.41,10.0,Yes,102.41,101.97,101.68,99.17
7,2026-08-21,CDSL.NS,ema_confluence,Closed,"Confluence: fresh 9/21 EMA crossover + EMA9>EMA21>EMA50 alignment on 2026-08-21, above EMA50 trend filter. EMA9=1350.99 EMA21=1345.85 EMA50=1329.98",2026-08-24,1390.0,1305.57,,2026-09-15,1305.57,Stop,-84.43,-6.07,22.0,Yes,1350.99,1345.85,1329.98,1340.05
8,2026-08-21,FSL.NS,long_term_200ema,Closed,Close crossed above rising EMA200 on 2026-08-21. EMA200=273.56 (vs 20d ago: 270.98),2026-08-24,276.1,234.64,,2026-08-24,272.5,Close_Below_EMA,-3.6,-1.3,0.0,Yes,274.89,276.66,268.89,273.56
9,2026-08-21,GESHIP.NS,long_term_200ema,Closed,Close crossed above rising EMA200 on 2026-08-21. EMA200=1306.08 (vs 20d ago: 1300.51),2026-08-24,1320.0,1114.61,,2026-08-31,1301.8,Close_Below_EMA,-18.2,-1.38,7.0,Yes,1308.34,1331.15,1369.48,1306.08
10,2026-08-21,JBMA.NS,long_term_200ema,Closed,Close crossed above rising EMA200 on 2026-08-21. EMA200=641.44 (vs 20d ago: 640.25),2026-08-24,663.75,572.86,,2026-08-31,624.1,Close_Below_EMA,-39.65,-5.97,7.0,Yes,638.1,646.28,655.27,641.44
11,2026-08-21,MANAPPURAM.NS,ema_confluence,Closed,"Confluence: fresh 9/21 EMA crossover + EMA9>EMA21>EMA50 alignment on 2026-08-21, above EMA50 trend filter. EMA9=351.45 EMA21=351.34 EMA50=340.94",2026-08-24,359.25,336.05,,2026-08-31,340.1,EMA_Cross_Exit,-19.15,-5.33,7.0,Yes,351.45,351.34,340.94,305.57
12,2026-08-21,PIRAMALFIN.NS,ema_confluence,Open,"Confluence: fresh 9/21 EMA crossover + EMA9>EMA21>EMA50 alignment on 2026-08-21, above EMA50 trend filter. EMA9=2102.25 EMA21=2095.04 EMA50=2073.91",2026-08-24,2180.0,2049.95,,,,,,,,Yes,2102.25,2095.04,2073.91,1855.0
13,2026-08-21,SAGILITY.NS,ema_confluence,Open,"Confluence: fresh 9/21 EMA crossover + EMA9>EMA21>EMA50 alignment on 2026-08-21, above EMA50 trend filter. EMA9=42.83 EMA21=42.76 EMA50=42.23",2026-08-24,43.4,40.75,,,,,,,,Yes,42.83,42.76,42.23,42.98
14,2026-08-21,SAGILITY.NS,long_term_200ema,Open,Close crossed above rising EMA200 on 2026-08-21. EMA200=42.98 (vs 20d ago: 42.91),2026-08-24,43.4,36.85,,,,,,,,Yes,42.83,42.76,42.23,42.98
15,2026-08-24,AWL.NS,ema_confluence,Closed,"Confluence: fresh 9/21 EMA crossover + EMA9>EMA21>EMA50 alignment on 2026-08-24, above EMA50 trend filter. EMA9=191.18 EMA21=191.12 EMA50=190.56",2026-08-25,194.0,182.25,,2026-09-04,187.29,EMA_Cross_Exit,-6.71,-3.46,10.0,Yes,191.18,191.12,190.56,206.45
16,2026-08-24,BSE.NS,long_term_200ema,Closed,Close crossed above rising EMA200 on 2026-08-24. EMA200=3283.72 (vs 20d ago: 3244.65),2026-08-25,3315.0,2815.79,,2026-08-31,3282.0,Close_Below_EMA,-33.0,-1.0,6.0,Yes,3358.32,3457.67,3584.86,3283.72
17,2026-08-24,HCLTECH.NS,long_term_200ema,Closed,Close crossed above rising EMA200 on 2026-08-24. EMA200=1320.66 (vs 20d ago: 1315.86),2026-08-25,1322.0,1123.7,,2026-08-25,1315.8,Close_Below_EMA,-6.2,-0.47,0.0,Yes,1325.55,1314.55,1268.4,1320.66
18,2026-08-24,NH.NS,long_term_200ema,Closed,Close crossed above rising EMA200 on 2026-08-24. EMA200=1850.08 (vs 20d ago: 1841.87),2026-08-25,1865.1,1580.83,,2026-09-16,1851.6,Close_Below_EMA,-13.5,-0.72,22.0,Yes,1833.48,1874.51,1904.82,1850.08
19,2026-08-24,SBICARD.NS,ema_confluence,Closed,"Confluence: fresh 9/21 EMA crossover + EMA9>EMA21>EMA50 alignment on 2026-08-24, above EMA50 trend filter. EMA9=643.05 EMA21=642.81 EMA50=638.30",2026-08-25,647.1,611.28,,2026-09-01,632.4,EMA_Cross_Exit,-14.7,-2.27,7.0,Yes,643.05,642.81,638.3,697.83
20,2026-08-24,SONATSOFTW.NS,long_term_200ema,Closed,Close crossed above rising EMA200 on 2026-08-24. EMA200=304.47 (vs 20d ago: 301.11),2026-08-25,307.0,260.74,,2026-08-25,298.45,Close_Below_EMA,-8.55,-2.79,0.0,Yes,312.08,312.65,301.37,304.47
21,2026-08-26,ADANIENT.NS,ema_confluence,Closed,"Confluence: fresh 9/21 EMA crossover + EMA9>EMA21>EMA50 alignment on 2026-08-26, above EMA50 trend filter. EMA9=3041.20 EMA21=3035.35 EMA50=2997.53",2026-08-27,3125.0,2925.28,,2026-08-31,2925.28,Stop,-199.72,-6.39,4.0,Yes,3041.2,3035.35,2997.53,2665.49
22,2026-08-26,ATGL.NS,long_term_200ema,Closed,Close crossed above rising EMA200 on 2026-08-26. EMA200=642.72 (vs 20d ago: 640.12),2026-08-27,643.0,547.15,,2026-08-31,621.2,Close_Below_EMA,-21.8,-3.39,4.0,Yes,648.32,657.42,669.87,642.72
23,2026-08-26,CANBK.NS,long_term_200ema,Closed,Close crossed above rising EMA200 on 2026-08-26. EMA200=128.83 (vs 20d ago: 128.72),2026-08-27,131.43,110.03,,2026-08-27,128.14,Close_Below_EMA,-3.29,-2.5,0.0,Yes,129.3,129.04,128.76,128.83
24,2026-08-26,CGCL.NS,ema_confluence,Open,"Confluence: fresh 9/21 EMA crossover + EMA9>EMA21>EMA50 alignment on 2026-08-26, above EMA50 trend filter. EMA9=235.96 EMA21=233.88 EMA50=229.06",2026-08-27,254.95,240.97,,,,,,,,Yes,235.96,233.88,229.06,204.97
25,2026-08-26,DELHIVERY.NS,long_term_200ema,Closed,Close crossed above rising EMA200 on 2026-08-26. EMA200=448.81 (vs 20d ago: 445.81),2026-08-27,450.0,381.65,,2026-09-10,447.7,Close_Below_EMA,-2.3,-0.51,14.0,Yes,452.49,460.99,467.15,448.81
26,2026-08-26,FIVESTAR.NS,long_term_200ema,Open,Close crossed above rising EMA200 on 2026-08-26. EMA200=514.68 (vs 20d ago: 509.91),2026-08-27,512.5,437.79,,,,,,,,Yes,520.55,530.53,523.41,514.68
27,2026-08-26,GMDCLTD.NS,long_term_200ema,Closed,Close crossed above rising EMA200 on 2026-08-26. EMA200=576.57 (vs 20d ago: 576.53),2026-08-27,578.95,492.11,,2026-08-27,567.25,Close_Below_EMA,-11.7,-2.02,0.0,Yes,573.21,576.29,587.32,576.57
28,2026-08-26,ICICIBANK.NS,ema_confluence,Closed,"Confluence: fresh 9/21 EMA crossover + EMA9>EMA21>EMA50 alignment on 2026-08-26, above EMA50 trend filter. EMA9=1420.44 EMA21=1419.88 EMA50=1397.61",2026-08-27,1445.0,1344.2,,2026-09-08,1399.4,EMA_Cross_Exit,-45.6,-3.16,12.0,Yes,1420.44,1419.88,1397.61,1352.06
29,2026-08-26,IGIL.NS,long_term_200ema,Closed,Close crossed above rising EMA200 on 2026-08-26. EMA200=347.07 (vs 20d ago: 347.05),2026-08-27,349.2,295.67,,2026-08-27,343.55,Close_Below_EMA,-5.65,-1.62,0.0,Yes,343.28,344.65,346.42,347.07
30,2026-08-26,SHYAMMETL.NS,ema_confluence,Open,"Confluence: fresh 9/21 EMA crossover + EMA9>EMA21>EMA50 alignment on 2026-08-26, above EMA50 trend filter. EMA9=1005.66 EMA21=1003.56 EMA50=989.82",2026-08-27,1040.5,978.07,,,,,,,,Yes,1005.66,1003.56,989.82,917.61
31,2026-08-26,TATASTEEL.NS,long_term_200ema,Closed,Close crossed above rising EMA200 on 2026-08-26. EMA200=187.11 (vs 20d ago: 187.11),2026-08-27,188.05,159.81,,2026-08-27,186.8,Close_Below_EMA,-1.25,-0.66,0.0,Yes,186.06,186.57,189.17,187.11
32,2026-08-31,CPPLUS.NS,ema_confluence,Closed,"Confluence: fresh 9/21 EMA crossover + EMA9>EMA21>EMA50 alignment on 2026-08-31, above EMA50 trend filter. EMA9=3527.90 EMA21=3527.07 EMA50=3444.22",2026-09-01,3566.0,3352.04,,2026-09-18,3352.04,Stop,-213.96,-6.0,17.0,Yes,3527.9,3527.07,3444.22,2599.09
33,2026-08-31,APOLLOHOSP.NS,ema_confluence,Closed,"Confluence: fresh 9/21 EMA crossover + EMA9>EMA21>EMA50 alignment on 2026-08-31, above EMA50 trend filter. EMA9=8814.84 EMA21=8808.83 EMA50=8719.36",2026-09-01,8854.5,8364.59,,2026-09-01,8755.0,EMA_Cross_Exit,-99.5,-1.12,0.0,Yes,8814.84,8808.83,8719.36,8088.2
34,2026-08-31,AIIL.NS,ema_confluence,Closed,"Confluence: fresh 9/21 EMA crossover + EMA9>EMA21>EMA50 alignment on 2026-08-31, above EMA50 trend filter. EMA9=556.09 EMA21=555.67 EMA50=543.88",2026-09-01,568.95,527.25,,2026-09-01,539.3,EMA_Cross_Exit,-29.65,-5.21,0.0,Yes,556.09,555.67,543.88,519.54
35,2026-08-31,GAIL.NS,ema_confluence,Closed,"Confluence: fresh 9/21 EMA crossover + EMA9>EMA21>EMA50 alignment on 2026-08-31, above EMA50 trend filter. EMA9=174.04 EMA21=174.00 EMA50=172.81",2026-09-01,173.41,166.85,,2026-09-01,172.69,EMA_Cross_Exit,-0.72,-0.42,0.0,Yes,174.04,174.0,172.81,168.51
36,2026-08-31,JUBLFOOD.NS,long_term_200ema,Closed,Close crossed above rising EMA200 on 2026-08-31. EMA200=492.45 (vs 20d ago: 491.67),2026-09-01,487.0,421.6,,2026-09-01,484.4,Close_Below_EMA,-2.6,-0.53,0.0,Yes,499.34,489.04,468.83,492.45
37,2026-08-31,KAJARIACER.NS,ema_confluence,Closed,"Confluence: fresh 9/21 EMA crossover + EMA9>EMA21>EMA50 alignment on 2026-08-31, above EMA50 trend filter. EMA9=1219.60 EMA21=1216.94 EMA50=1199.63",2026-09-01,1244.8,1170.11,,2026-09-17,1217.2,EMA_Cross_Exit,-27.6,-2.22,16.0,Yes,1219.6,1216.94,1199.63,1126.52
38,2026-08-31,PRESTIGE.NS,ema_confluence,Closed,"Confluence: fresh 9/21 EMA crossover + EMA9>EMA21>EMA50 alignment on 2026-08-31, above EMA50 trend filter. EMA9=1613.39 EMA21=1611.37 EMA50=1589.40",2026-09-01,1597.1,1535.02,,2026-09-01,1570.0,EMA_Cross_Exit,-27.1,-1.7,0.0,Yes,1613.39,1611.37,1589.4,1522.15
39,2026-08-31,SBIN.NS,ema_confluence,Closed,"Confluence: fresh 9/21 EMA crossover + EMA9>EMA21>EMA50 alignment on 2026-08-31, above EMA50 trend filter. EMA9=1051.73 EMA21=1051.29 EMA50=1042.86",2026-09-01,1051.3,996.4,,2026-09-01,1034.5,EMA_Cross_Exit,-16.8,-1.6,0.0,Yes,1051.73,1051.29,1042.86,1003.55
40,2026-08-31,SUNPHARMA.NS,ema_confluence,Closed,"Confluence: fresh 9/21 EMA crossover + EMA9>EMA21>EMA50 alignment on 2026-08-31, above EMA50 trend filter. EMA9=1927.26 EMA21=1926.23 EMA50=1910.93",2026-09-01,1963.1,1865.71,,2026-09-03,1916.0,EMA_Cross_Exit,-47.1,-2.4,2.0,Yes,1927.26,1926.23,1910.93,1812.8
41,2026-08-31,TCS.NS,ema_confluence,Closed,"Confluence: fresh 9/21 EMA crossover + EMA9>EMA21>EMA50 alignment on 2026-08-31, above EMA50 trend filter. EMA9=2322.51 EMA21=2321.32 EMA50=2296.89",2026-09-01,2355.0,2255.34,,2026-09-07,2270.0,EMA_Cross_Exit,-85.0,-3.61,6.0,Yes,2322.51,2321.32,2296.89,2512.4
42,2026-08-31,FEDERALBNK.NS,ema_confluence,Closed,"Confluence: fresh 9/21 EMA crossover + EMA9>EMA21>EMA50 alignment on 2026-08-31, above EMA50 trend filter. EMA9=352.40 EMA21=352.18 EMA50=342.18",2026-09-01,350.0,335.3,,2026-09-01,349.25,EMA_Cross_Exit,-0.75,-0.21,0.0,Yes,352.4,352.18,342.18,296.8
43,2026-08-31,SPLPETRO.NS,long_term_200ema,Open,Close crossed above rising EMA200 on 2026-08-31. EMA200=699.42 (vs 20d ago: 697.73),2026-09-01,728.85,619.69,,,,,,,,Yes,707.22,709.13,710.96,699.42
44,2026-09-01,ADANIGREEN.NS,long_term_200ema,Open,Close crossed above rising EMA200 on 2026-09-01. EMA200=1247.94 (vs 20d ago: 1231.63),2026-09-02,1244.0,1075.25,,,,,,,,Yes,1291.71,1326.9,1369.16,1247.94
45,2026-09-01,ADANIPORTS.NS,long_term_200ema,Open,Close crossed above rising EMA200 on 2026-09-01. EMA200=1622.62 (vs 20d ago: 1609.54),2026-09-02,1637.1,1400.38,,,,,,,,Yes,1670.86,1691.01,1719.56,1622.62
46,2026-09-01,APOLLOTYRE.NS,long_term_200ema,Closed,Close crossed above rising EMA200 on 2026-09-01. EMA200=439.60 (vs 20d ago: 439.21),2026-09-02,439.25,376.3,,2026-09-02,434.15,Close_Below_EMA,-5.1,-1.16,0.0,Yes,441.09,439.12,433.37,439.6
47,2026-09-01,BALKRISIND.NS,long_term_200ema,Closed,Close crossed above rising EMA200 on 2026-09-01. EMA200=2295.49 (vs 20d ago: 2273.54),2026-09-02,2310.2,1982.03,,2026-09-04,2284.6,Close_Below_EMA,-25.6,-1.11,2.0,Yes,2341.55,2343.63,2295.2,2295.49
48,2026-09-01,CAPLIPOINT.NS,ema_confluence,Closed,"Confluence: fresh 9/21 EMA crossover + EMA9>EMA21>EMA50 alignment on 2026-09-01, above EMA50 trend filter. EMA9=2559.73 EMA21=2547.69 EMA50=2488.80",2026-09-02,2710.0,2548.53,,2026-09-16,2548.53,Stop,-161.47,-5.96,14.0,Yes,2559.73,2547.69,2488.8,2172.94
49,2026-09-01,CREDITACC.NS,long_term_200ema,Closed,Close crossed above rising EMA200 on 2026-09-01. EMA200=1372.03 (vs 20d ago: 1346.69),2026-09-02,1379.0,1184.31,,2026-09-17,1370.8,Close_Below_EMA,-8.2,-0.59,15.0,Yes,1427.7,1470.4,1473.6,1372.03
50,2026-09-01,INFY.NS,ema_confluence,Closed,"Confluence: fresh 9/21 EMA crossover + EMA9>EMA21>EMA50 alignment on 2026-09-01, above EMA50 trend filter. EMA9=1137.57 EMA21=1135.82 EMA50=1129.97",2026-09-02,1137.7,1086.64,,2026-09-07,1086.64,Stop,-51.06,-4.49,5.0,Yes,1137.57,1135.82,1129.97,1245.11
51,2026-09-01,JUBLINGREA.NS,long_term_200ema,Closed,Close crossed above rising EMA200 on 2026-09-01. EMA200=683.24 (vs 20d ago: 675.58),2026-09-02,689.85,589.26,,2026-09-04,680.3,Close_Below_EMA,-9.55,-1.38,2.0,Yes,698.48,710.84,707.53,683.24
52,2026-09-01,LTM.NS,long_term_200ema,Closed,Close crossed above rising EMA200 on 2026-09-01. EMA200=4577.76 (vs 20d ago: 4570.54),2026-09-02,4587.2,3931.25,,2026-09-03,4560.0,Close_Below_EMA,-27.2,-0.59,1.0,Yes,4569.56,4530.39,4380.19,4577.76
53,2026-09-01,TITAGARH.NS,long_term_200ema,Closed,Close crossed above rising EMA200 on 2026-09-01. EMA200=824.06 (vs 20d ago: 820.98),2026-09-02,839.45,708.86,,2026-09-15,811.45,Close_Below_EMA,-28.0,-3.34,13.0,Yes,832.19,836.15,837.65,824.06
54,2026-09-02,ATUL.NS,long_term_200ema,Closed,Close crossed above rising EMA200 on 2026-09-02. EMA200=6480.88 (vs 20d ago: 6450.10),2026-09-03,6486.0,5512.68,,2026-09-03,6469.0,Close_Below_EMA,-17.0,-0.26,0.0,Yes,6500.49,6553.45,6559.61,6480.88
55,2026-09-02,HOMEFIRST.NS,ema_confluence,Closed,"Confluence: fresh 9/21 EMA crossover + EMA9>EMA21>EMA50 alignment on 2026-09-02, above EMA50 trend filter. EMA9=1187.51 EMA21=1187.49 EMA50=1179.60",2026-09-03,1197.1,1124.9,,2026-09-11,1124.9,Stop,-72.2,-6.03,8.0,Yes,1187.51,1187.49,1179.6,1148.99
56,2026-09-02,JSWENERGY.NS,long_term_200ema,Closed,Close crossed above rising EMA200 on 2026-09-02. EMA200=536.32 (vs 20d ago: 533.77),2026-09-03,542.05,458.83,,2026-09-07,530.0,Close_Below_EMA,-12.05,-2.22,4.0,Yes,536.33,544.25,550.21,536.32
57,2026-09-02,MANKIND.NS,long_term_200ema,Closed,Close crossed above rising EMA200 on 2026-09-02. EMA200=2363.87 (vs 20d ago: 2355.79),2026-09-03,2390.0,2032.78,,2026-09-04,2327.9,Close_Below_EMA,-62.1,-2.6,1.0,Yes,2390.74,2411.45,2430.67,2363.87
58,2026-09-03,AEGISVOPAK.NS,ema_confluence,Open,"Confluence: fresh 9/21 EMA crossover + EMA9>EMA21>EMA50 alignment on 2026-09-03, above EMA50 trend filter. EMA9=275.58 EMA21=274.99 EMA50=267.74",2026-09-04,286.5,269.64,,,,,,,,Yes,275.58,274.99,267.74,242.5
59,2026-09-03,JSL.NS,ema_confluence,Open,"Confluence: fresh 9/21 EMA crossover + EMA9>EMA21>EMA50 alignment on 2026-09-03, above EMA50 trend filter. EMA9=722.36 EMA21=720.84 EMA50=719.90",2026-09-04,738.4,694.1,,,,,,,,Yes,722.36,720.84,719.9,728.66
60,2026-09-03,KIRLOSENG.NS,ema_confluence,Closed,"Confluence: fresh 9/21 EMA crossover + EMA9>EMA21>EMA50 alignment on 2026-09-03, above EMA50 trend filter. EMA9=2145.03 EMA21=2138.27 EMA50=2126.26",2026-09-04,2270.0,2131.54,,2026-09-15,2131.54,Stop,-138.46,-6.1,11.0,Yes,2145.03,2138.27,2126.26,1732.81
61,2026-09-03,SBICARD.NS,ema_confluence,Closed,"Confluence: fresh 9/21 EMA crossover + EMA9>EMA21>EMA50 alignment on 2026-09-03, above EMA50 trend filter. EMA9=645.38 EMA21=644.47 EMA50=640.44",2026-09-04,661.0,621.34,,2026-09-15,621.34,Stop,-39.66,-6.0,11.0,Yes,645.38,644.47,640.44,693.87
62,2026-09-03,USHAMART.NS,ema_confluence,Closed,"Confluence: fresh 9/21 EMA crossover + EMA9>EMA21>EMA50 alignment on 2026-09-03, above EMA50 trend filter. EMA9=500.27 EMA21=498.38 EMA50=494.49",2026-09-04,518.0,484.71,,2026-09-15,484.71,Stop,-33.29,-6.43,11.0,Yes,500.27,498.38,494.49,458.46
63,2026-09-03,WOCKPHARMA.NS,ema_confluence,Open,"Confluence: fresh 9/21 EMA crossover + EMA9>EMA21>EMA50 alignment on 2026-09-03, above EMA50 trend filter. EMA9=1909.87 EMA21=1907.87 EMA50=1887.31",2026-09-04,1980.0,1833.56,,,,,,,,Yes,1909.87,1907.87,1887.31,1667.65
64,2026-09-04,AFFLE.NS,long_term_200ema,Closed,Close crossed above rising EMA200 on 2026-09-04. EMA200=1576.43 (vs 20d ago: 1560.16),2026-09-07,1630.0,1374.02,,2026-09-11,1567.6,Close_Below_EMA,-62.4,-3.83,4.0,Yes,1601.1,1622.56,1592.22,1576.43
65,2026-09-04,ANANTRAJ.NS,ema_confluence,Closed,"Confluence: fresh 9/21 EMA crossover + EMA9>EMA21>EMA50 alignment on 2026-09-04, above EMA50 trend filter. EMA9=611.79 EMA21=611.26 EMA50=595.15",2026-09-07,622.0,587.92,,2026-09-11,587.92,Stop,-34.08,-5.48,4.0,Yes,611.79,611.26,595.15,558.89
66,2026-09-04,ANGELONE.NS,long_term_200ema,Open,Close crossed above rising EMA200 on 2026-09-04. EMA200=290.42 (vs 20d ago: 290.33),2026-09-07,300.9,254.83,,,,,,,,Yes,290.14,293.3,302.61,290.42
67,2026-09-04,AIIL.NS,long_term_200ema,Closed,Close crossed above rising EMA200 on 2026-09-04. EMA200=519.61 (vs 20d ago: 512.76),2026-09-07,517.75,441.92,,2026-09-07,514.95,Close_Below_EMA,-2.8,-0.54,0.0,Yes,534.98,544.65,540.53,519.61
68,2026-09-04,EMMVEE.NS,ema_confluence,Open,"Confluence: fresh 9/21 EMA crossover + EMA9>EMA21>EMA50 alignment on 2026-09-04, above EMA50 trend filter. EMA9=324.71 EMA21=324.66 EMA50=322.51",2026-09-07,323.7,305.69,,,,,,,,Yes,324.71,324.66,322.51,279.46
69,2026-09-04,HAL.NS,ema_confluence,Closed,"Confluence: fresh 9/21 EMA crossover + EMA9>EMA21>EMA50 alignment on 2026-09-04, above EMA50 trend filter. EMA9=4841.36 EMA21=4841.16 EMA50=4719.22",2026-09-07,4884.8,4564.64,,2026-09-16,4695.6,EMA_Cross_Exit,-189.2,-3.87,9.0,Yes,4841.36,4841.16,4719.22,4467.28
70,2026-09-04,HONAUT.NS,long_term_200ema,Closed,Close crossed above rising EMA200 on 2026-09-04. EMA200=35275.07 (vs 20d ago: 35003.86),2026-09-07,35660.0,30306.75,,2026-09-08,35060.0,Close_Below_EMA,-600.0,-1.68,1.0,Yes,35868.97,36490.61,36745.44,35275.07
71,2026-09-04,NUVOCO.NS,ema_confluence,Closed,"Confluence: fresh 9/21 EMA crossover + EMA9>EMA21>EMA50 alignment on 2026-09-04, above EMA50 trend filter. EMA9=332.25 EMA21=331.47 EMA50=331.23",2026-09-07,352.85,331.02,,2026-09-10,331.02,Stop,-21.83,-6.19,3.0,Yes,332.25,331.47,331.23,335.56
72,2026-09-04,TITAGARH.NS,ema_confluence,Closed,"Confluence: fresh 9/21 EMA crossover + EMA9>EMA21>EMA50 alignment on 2026-09-04, above EMA50 trend filter. EMA9=841.12 EMA21=839.22 EMA50=838.78",2026-09-07,878.75,819.54,,2026-09-15,819.54,Stop,-59.21,-6.74,8.0,Yes,841.12,839.22,838.78,824.75
73,2026-09-07,ASTRAL.NS,long_term_200ema,Closed,Close crossed above rising EMA200 on 2026-09-07. EMA200=1498.20 (vs 20d ago: 1493.90),2026-09-08,1498.2,1273.47,,2026-09-09,1474.8,Close_Below_EMA,-23.4,-1.56,1.0,Yes,1505.69,1501.8,1486.6,1498.2
74,2026-09-07,GRANULES.NS,ema_confluence,Open,"Confluence: fresh 9/21 EMA crossover + EMA9>EMA21>EMA50 alignment on 2026-09-07, above EMA50 trend filter. EMA9=847.36 EMA21=846.22 EMA50=834.28",2026-09-08,869.0,815.26,,,,,,,,Yes,847.36,846.22,834.28,721.59
75,2026-09-07,INDIGO.NS,long_term_200ema,Closed,Close crossed above rising EMA200 on 2026-09-07. EMA200=4990.33 (vs 20d ago: 4951.12),2026-09-08,4971.0,4250.85,,2026-09-09,4975.0,Close_Below_EMA,4.0,0.08,1.0,Yes,5068.11,5140.21,5126.81,4990.33
76,2026-09-08,3MINDIA.NS,long_term_200ema,Closed,Close crossed above rising EMA200 on 2026-09-08. EMA200=33110.72 (vs 20d ago: 32900.59),2026-09-09,33145.0,28173.25,,2026-09-09,33025.0,Close_Below_EMA,-120.0,-0.36,0.0,Yes,33333.1,33901.3,34082.11,33110.72
77,2026-09-08,BEL.NS,long_term_200ema,Closed,Close crossed above rising EMA200 on 2026-09-08. EMA200=408.93 (vs 20d ago: 408.75),2026-09-09,411.55,348.97,,2026-09-09,406.0,Close_Below_EMA,-5.55,-1.35,0.0,Yes,408.39,407.93,408.47,408.93
78,2026-09-08,EMCURE.NS,ema_confluence,Open,"Confluence: fresh 9/21 EMA crossover + EMA9>EMA21>EMA50 alignment on 2026-09-08, above EMA50 trend filter. EMA9=1892.70 EMA21=1889.80 EMA50=1867.23",2026-09-09,1938.1,1810.25,,,,,,,,Yes,1892.7,1889.8,1867.23,1679.43
79,2026-09-08,PCBL.NS,ema_confluence,Open,"Confluence: fresh 9/21 EMA crossover + EMA9>EMA21>EMA50 alignment on 2026-09-08, above EMA50 trend filter. EMA9=320.15 EMA21=319.97 EMA50=315.92",2026-09-09,330.9,309.07,,,,,,,,Yes,320.15,319.97,315.92,310.6
80,2026-09-08,ZENTEC.NS,ema_confluence,Closed,"Confluence: fresh 9/21 EMA crossover + EMA9>EMA21>EMA50 alignment on 2026-09-08, above EMA50 trend filter. EMA9=1822.07 EMA21=1821.89 EMA50=1793.82",2026-09-09,1820.0,1715.5,,2026-09-09,1762.3,EMA_Cross_Exit,-57.7,-3.17,0.0,Yes,1822.07,1821.89,1793.82,1648.45
81,2026-09-09,APOLLOHOSP.NS,ema_confluence,Closed,"Confluence: fresh 9/21 EMA crossover + EMA9>EMA21>EMA50 alignment on 2026-09-09, above EMA50 trend filter. EMA9=8803.45 EMA21=8797.05 EMA50=8731.19",2026-09-10,9000.0,8428.98,,2026-09-16,8696.5,EMA_Cross_Exit,-303.5,-3.37,6.0,Yes,8803.45,8797.05,8731.19,8128.14
82,2026-09-09,CONCOR.NS,long_term_200ema,Closed,Close crossed above rising EMA200 on 2026-09-09. EMA200=505.46 (vs 20d ago: 503.66),2026-09-10,508.0,433.5,,2026-09-10,504.15,Close_Below_EMA,-3.85,-0.76,0.0,Yes,508.43,509.71,503.51,505.46
83,2026-09-09,FORTIS.NS,long_term_200ema,Closed,Close crossed above rising EMA200 on 2026-09-09. EMA200=913.12 (vs 20d ago: 912.96),2026-09-10,914.65,777.75,,2026-09-10,902.45,Close_Below_EMA,-12.2,-1.33,0.0,Yes,913.29,918.44,929.34,913.12
84,2026-09-09,JSWINFRA.NS,ema_confluence,Closed,"Confluence: fresh 9/21 EMA crossover + EMA9>EMA21>EMA50 alignment on 2026-09-09, above EMA50 trend filter. EMA9=335.72 EMA21=335.36 EMA50=328.51",2026-09-10,341.95,320.92,,2026-09-16,320.92,Stop,-21.03,-6.15,6.0,Yes,335.72,335.36,328.51,300.96
85,2026-09-10,ACUTAAS.NS,ema_confluence,Closed,"Confluence: fresh 9/21 EMA crossover + EMA9>EMA21>EMA50 alignment on 2026-09-10, above EMA50 trend filter. EMA9=3254.73 EMA21=3248.07 EMA50=3241.87",2026-09-11,3488.0,3244.32,,2026-09-15,3244.32,Stop,-243.68,-6.99,4.0,Yes,3254.73,3248.07,3241.87,2680.87
86,2026-09-10,GRAVITA.NS,long_term_200ema,Closed,Close crossed above rising EMA200 on 2026-09-10. EMA200=1697.78 (vs 20d ago: 1682.74),2026-09-11,1685.0,1443.89,,2026-09-11,1668.2,Close_Below_EMA,-16.8,-1.0,0.0,Yes,1714.95,1741.61,1739.11,1697.78
87,2026-09-10,SBIN.NS,long_term_200ema,Closed,Close crossed above rising EMA200 on 2026-09-10. EMA200=1004.42 (vs 20d ago: 997.48),2026-09-11,1000.0,858.25,,2026-09-11,995.7,Close_Below_EMA,-4.3,-0.43,0.0,Yes,1017.72,1030.86,1034.97,1004.42
88,2026-09-11,ADANIENT.NS,ema_confluence,Closed,"Confluence: fresh 9/21 EMA crossover + EMA9>EMA21>EMA50 alignment on 2026-09-11, above EMA50 trend filter. EMA9=3016.07 EMA21=3011.12 EMA50=2996.94",2026-09-15,3080.0,2876.4,,2026-09-15,2928.6,EMA_Cross_Exit,-151.4,-4.92,0.0,Yes,3016.07,3011.12,2996.94,2702.82
89,2026-09-11,AEGISLOG.NS,ema_confluence,Open,"Confluence: fresh 9/21 EMA crossover + EMA9>EMA21>EMA50 alignment on 2026-09-11, above EMA50 trend filter. EMA9=1304.01 EMA21=1301.04 EMA50=1254.17",2026-09-15,1365.3,1272.38,,,,,,,,Yes,1304.01,1301.04,1254.17,983.19
90,2026-09-11,ABDL.NS,ema_confluence,Open,"Confluence: fresh 9/21 EMA crossover + EMA9>EMA21>EMA50 alignment on 2026-09-11, above EMA50 trend filter. EMA9=611.88 EMA21=611.77 EMA50=611.09",2026-09-15,635.0,594.55,,,,,,,,Yes,611.88,611.77,611.09,564.49
91,2026-09-11,FIVESTAR.NS,ema_confluence,Closed,"Confluence: fresh 9/21 EMA crossover + EMA9>EMA21>EMA50 alignment on 2026-09-11, above EMA50 trend filter. EMA9=533.56 EMA21=532.57 EMA50=526.97",2026-09-15,558.0,517.99,,2026-09-22,524.85,EMA_Cross_Exit,-33.15,-5.94,7.0,Yes,533.56,532.57,526.97,516.6
92,2026-09-11,GODREJIND.NS,long_term_200ema,Closed,Close crossed above rising EMA200 on 2026-09-11. EMA200=1123.05 (vs 20d ago: 1112.52),2026-09-15,1126.7,957.78,,2026-09-15,1104.0,Close_Below_EMA,-22.7,-2.01,0.0,Yes,1143.54,1175.73,1198.47,1123.05
93,2026-09-11,TORNTPHARM.NS,ema_confluence,Closed,"Confluence: fresh 9/21 EMA crossover + EMA9>EMA21>EMA50 alignment on 2026-09-11, above EMA50 trend filter. EMA9=4944.35 EMA21=4944.08 EMA50=4880.39",2026-09-15,4931.0,4667.57,,2026-09-15,4850.0,EMA_Cross_Exit,-81.0,-1.64,0.0,Yes,4944.35,4944.08,4880.39,4417.99
94,2026-09-15,NIVABUPA.NS,long_term_200ema,Closed,Close crossed above rising EMA200 on 2026-09-15. EMA200=81.18 (vs 20d ago: 81.10),2026-09-16,81.5,69.27,,2026-09-16,79.55,Close_Below_EMA,-1.95,-2.39,0.0,Yes,80.65,81.68,82.95,81.18
95,2026-09-16,CCL.NS,long_term_200ema,Closed,Close crossed above rising EMA200 on 2026-09-16. EMA200=1064.10 (vs 20d ago: 1056.80),2026-09-17,1060.0,905.68,,2026-09-17,1062.3,Close_Below_EMA,2.3,0.22,0.0,Yes,1086.81,1101.0,1119.59,1064.1
96,2026-09-16,HEROMOTOCO.NS,long_term_200ema,Open,Close crossed above rising EMA200 on 2026-09-16. EMA200=5172.41 (vs 20d ago: 5120.00),2026-09-17,5253.5,4449.75,,,,,,,,Yes,5266.5,5361.72,5334.68,5172.41
97,2026-09-16,LODHA.NS,long_term_200ema,Open,Close crossed above rising EMA200 on 2026-09-16. EMA200=1079.16 (vs 20d ago: 1053.04),2026-09-17,1080.0,924.29,,,,,,,,Yes,1137.91,1176.2,1161.61,1079.16
98,2026-09-16,MARICO.NS,long_term_200ema,Open,Close crossed above rising EMA200 on 2026-09-16. EMA200=796.24 (vs 20d ago: 789.38),2026-09-17,810.15,688.63,,,,,,,,Yes,811.9,825.32,833.52,796.24
99,2026-09-16,NESTLEIND.NS,long_term_200ema,Closed,Close crossed above rising EMA200 on 2026-09-16. EMA200=1366.32 (vs 20d ago: 1353.57),2026-09-17,1384.5,1176.82,,2026-09-22,1363.9,Close_Below_EMA,-20.6,-1.49,5.0,Yes,1392.25,1419.33,1436.57,1366.32
100,2026-09-16,PIDILITIND.NS,long_term_200ema,Open,Close crossed above rising EMA200 on 2026-09-16. EMA200=1523.57 (vs 20d ago: 1503.86),2026-09-17,1543.0,1312.23,,,,,,,,Yes,1570.36,1600.71,1602.16,1523.57
101,2026-09-16,UNOMINDA.NS,long_term_200ema,Open,Close crossed above rising EMA200 on 2026-09-16. EMA200=1165.90 (vs 20d ago: 1149.47),2026-09-17,1183.8,1008.1,,,,,,,,Yes,1208.91,1226.45,1211.68,1165.9
102,2026-09-16,UNITDSPR.NS,long_term_200ema,Closed,Close crossed above rising EMA200 on 2026-09-16. EMA200=1387.15 (vs 20d ago: 1369.56),2026-09-17,1380.1,1181.08,,2026-09-18,1371.0,Close_Below_EMA,-9.1,-0.66,1.0,Yes,1412.11,1448.04,1448.47,1387.15
103,2026-09-16,VTL.NS,long_term_200ema,Closed,Close crossed above rising EMA200 on 2026-09-16. EMA200=558.27 (vs 20d ago: 552.51),2026-09-17,570.75,485.99,,2026-09-21,554.15,Close_Below_EMA,-16.6,-2.91,4.0,Yes,572.52,582.24,593.47,558.27
104,2026-09-16,ZENTEC.NS,long_term_200ema,Open,Close crossed above rising EMA200 on 2026-09-16. EMA200=1651.94 (vs 20d ago: 1618.46),2026-09-17,1663.0,1413.38,,,,,,,,Yes,1728.16,1770.23,1775.31,1651.94
105,2026-09-17,BHEL.NS,ema_confluence,Open,"Confluence: fresh 9/21 EMA crossover + EMA9>EMA21>EMA50 alignment on 2026-09-17, above EMA50 trend filter. EMA9=424.03 EMA21=423.59 EMA50=415.91",2026-09-18,428.4,403.45,,,,,,,,Yes,424.03,423.59,415.91,356.67
106,2026-09-17,CDSL.NS,long_term_200ema,Open,Close crossed above rising EMA200 on 2026-09-17. EMA200=1345.99 (vs 20d ago: 1339.56),2026-09-18,1348.0,1146.99,,,,,,,,Yes,1348.67,1360.38,1351.28,1345.99
107,2026-09-17,CUMMINSIND.NS,long_term_200ema,Open,Close crossed above rising EMA200 on 2026-09-17. EMA200=4957.01 (vs 20d ago: 4923.84),2026-09-18,5000.0,4267.0,,,,,,,,Yes,5037.44,5127.43,5257.11,4957.01
108,2026-09-17,ENDURANCE.NS,long_term_200ema,Open,Close crossed above rising EMA200 on 2026-09-17. EMA200=2641.89 (vs 20d ago: 2600.83),2026-09-18,2680.8,2287.18,,,,,,,,Yes,2712.87,2783.37,2785.15,2641.89
109,2026-09-17,JINDALSTEL.NS,long_term_200ema,Open,Close crossed above rising EMA200 on 2026-09-17. EMA200=1110.82 (vs 20d ago: 1103.61),2026-09-18,1128.9,959.14,,,,,,,,Yes,1125.39,1129.49,1121.64,1110.82
110,2026-09-17,NH.NS,long_term_200ema,Open,Close crossed above rising EMA200 on 2026-09-17. EMA200=1856.63 (vs 20d ago: 1850.89),2026-09-18,1859.0,1588.31,,,,,,,,Yes,1877.77,1883.8,1897.39,1856.63
111,2026-09-17,OBEROIRLTY.NS,long_term_200ema,Open,Close crossed above rising EMA200 on 2026-09-17. EMA200=1726.27 (vs 20d ago: 1705.01),2026-09-18,1730.1,1479.59,,,,,,,,Yes,1758.33,1800.0,1809.27,1726.27
112,2026-09-17,SAPPHIRE.NS,ema_confluence,Closed,"Confluence: fresh 9/21 EMA crossover + EMA9>EMA21>EMA50 alignment on 2026-09-17, above EMA50 trend filter. EMA9=227.87 EMA21=227.43 EMA50=216.62",2026-09-18,233.29,219.25,,2026-09-18,230.11,EMA_Cross_Exit,-3.18,-1.36,0.0,Yes,227.87,227.43,216.62,214.89
113,2026-09-18,APOLLOHOSP.NS,ema_confluence,Open,"Confluence: fresh 9/21 EMA crossover + EMA9>EMA21>EMA50 alignment on 2026-09-18, above EMA50 trend filter. EMA9=8813.51 EMA21=8804.22 EMA50=8752.36",2026-09-21,8889.0,8407.83,,,,,,,,Yes,8813.51,8804.22,8752.36,8180.35
114,2026-09-18,ASHOKLEY.NS,long_term_200ema,Closed,Close crossed above rising EMA200 on 2026-09-18. EMA200=161.13 (vs 20d ago: 159.61),2026-09-21,163.0,138.55,,2026-09-22,160.75,Close_Below_EMA,-2.25,-1.38,1.0,Yes,162.59,166.04,166.23,161.13
115,2026-09-18,BANKINDIA.NS,long_term_200ema,Closed,Close crossed above rising EMA200 on 2026-09-18. EMA200=139.78 (vs 20d ago: 139.36),2026-09-21,139.22,119.0,,2026-09-21,138.63,Close_Below_EMA,-0.59,-0.42,0.0,Yes,139.77,141.01,141.79,139.78
116,2026-09-18,CHOICEIN.NS,long_term_200ema,Open,Close crossed above rising EMA200 on 2026-09-18. EMA200=744.17 (vs 20d ago: 738.51),2026-09-21,762.75,649.27,,,,,,,,Yes,755.13,768.83,774.43,744.17
117,2026-09-18,CREDITACC.NS,long_term_200ema,Closed,Close crossed above rising EMA200 on 2026-09-18. EMA200=1376.85 (vs 20d ago: 1369.23),2026-09-21,1385.0,1179.46,,2026-09-22,1357.9,Close_Below_EMA,-27.1,-1.96,1.0,Yes,1403.96,1426.18,1448.06,1376.85
118,2026-09-18,DEVYANI.NS,ema_confluence,Open,"Confluence: fresh 9/21 EMA crossover + EMA9>EMA21>EMA50 alignment on 2026-09-18, above EMA50 trend filter. EMA9=138.26 EMA21=138.00 EMA50=132.53",2026-09-21,139.68,132.18,,,,,,,,Yes,138.26,138.0,132.53,129.47
119,2026-09-18,FSL.NS,ema_confluence,Open,"Confluence: fresh 9/21 EMA crossover + EMA9>EMA21>EMA50 alignment on 2026-09-18, above EMA50 trend filter. EMA9=267.72 EMA21=267.33 EMA50=267.01",2026-09-21,272.05,257.04,,,,,,,,Yes,267.72,267.33,267.01,272.12
120,2026-09-18,HINDCOPPER.NS,long_term_200ema,Open,Close crossed above rising EMA200 on 2026-09-18. EMA200=488.93 (vs 20d ago: 482.29),2026-09-21,504.5,422.79,,,,,,,,Yes,502.49,513.97,517.56,488.93
121,2026-09-18,HOMEFIRST.NS,ema_confluence,Open,"Confluence: fresh 9/21 EMA crossover + EMA9>EMA21>EMA50 alignment on 2026-09-18, above EMA50 trend filter. EMA9=1201.04 EMA21=1197.75 EMA50=1188.37",2026-09-21,1250.0,1166.82,,,,,,,,Yes,1201.04,1197.75,1188.37,1154.8
122,2026-09-18,JSWINFRA.NS,ema_confluence,Open,"Confluence: fresh 9/21 EMA crossover + EMA9>EMA21>EMA50 alignment on 2026-09-18, above EMA50 trend filter. EMA9=335.91 EMA21=335.71 EMA50=330.40",2026-09-21,349.0,327.35,,,,,,,,Yes,335.91,335.71,330.4,303.35
123,2026-09-18,MRPL.NS,long_term_200ema,Open,Close crossed above rising EMA200 on 2026-09-18. EMA200=163.89 (vs 20d ago: 161.97),2026-09-21,167.45,140.57,,,,,,,,Yes,169.88,171.69,169.96,163.89
124,2026-09-18,NAVINFLUOR.NS,ema_confluence,Open,"Confluence: fresh 9/21 EMA crossover + EMA9>EMA21>EMA50 alignment on 2026-09-18, above EMA50 trend filter. EMA9=8444.49 EMA21=8426.18 EMA50=8167.32",2026-09-21,8590.0,8074.6,,,,,,,,Yes,8444.49,8426.18,8167.32,7045.46
125,2026-09-18,POONAWALLA.NS,long_term_200ema,Open,Close crossed above rising EMA200 on 2026-09-18. EMA200=445.32 (vs 20d ago: 441.75),2026-09-21,477.0,407.49,,,,,,,,Yes,453.34,460.46,461.84,445.32
126,2026-09-18,SCI.NS,long_term_200ema,Open,Close crossed above rising EMA200 on 2026-09-18. EMA200=271.50 (vs 20d ago: 268.33),2026-09-21,278.4,235.49,,,,,,,,Yes,279.11,284.24,287.96,271.5
127,2026-09-18,TBOTEK.NS,ema_confluence,Open,"Confluence: fresh 9/21 EMA crossover + EMA9>EMA21>EMA50 alignment on 2026-09-18, above EMA50 trend filter. EMA9=1678.70 EMA21=1675.18 EMA50=1612.93",2026-09-21,1715.0,1607.96,,,,,,,,Yes,1678.7,1675.18,1612.93,1470.24
128,2026-09-18,TITAGARH.NS,long_term_200ema,Open,Close crossed above rising EMA200 on 2026-09-18. EMA200=826.77 (vs 20d ago: 823.06),2026-09-21,841.5,712.0,,,,,,,,Yes,840.45,843.17,841.79,826.77
129,2026-09-18,TRAVELFOOD.NS,long_term_200ema,Closed,Close crossed above rising EMA200 on 2026-09-18. EMA200=1247.39 (vs 20d ago: 1241.90),2026-09-21,1256.0,1067.68,,2026-09-21,1228.5,Close_Below_EMA,-27.5,-2.19,0.0,Yes,1253.74,1273.52,1286.08,1247.39
130,2026-09-21,AIIL.NS,ema_confluence,Open,"Confluence: fresh 9/21 EMA crossover + EMA9>EMA21>EMA50 alignment on 2026-09-21, above EMA50 trend filter. EMA9=540.46 EMA21=539.28 EMA50=538.31",2026-09-22,559.4,525.84,,,,,,,,Yes,540.46,539.28,538.31,521.02
131,2026-09-21,BAJAJHLDNG.NS,ema_confluence,Open,"Confluence: fresh 9/21 EMA crossover + EMA9>EMA21>EMA50 alignment on 2026-09-21, above EMA50 trend filter. EMA9=11119.95 EMA21=11117.26 EMA50=11012.60",2026-09-22,11312.0,10724.46,,,,,,,,Yes,11119.95,11117.26,11012.6,10845.83
132,2026-09-21,BELRISE.NS,ema_confluence,Open,"Confluence: fresh 9/21 EMA crossover + EMA9>EMA21>EMA50 alignment on 2026-09-21, above EMA50 trend filter. EMA9=233.36 EMA21=232.76 EMA50=232.69",2026-09-22,242.0,227.38,,,,,,,,Yes,233.36,232.76,232.69,207.66
133,2026-09-21,CGPOWER.NS,ema_confluence,Open,"Confluence: fresh 9/21 EMA crossover + EMA9>EMA21>EMA50 alignment on 2026-09-21, above EMA50 trend filter. EMA9=891.52 EMA21=890.88 EMA50=888.86",2026-09-22,915.65,855.4,,,,,,,,Yes,891.52,890.88,888.86,821.7
134,2026-09-21,CARBORUNIV.NS,ema_confluence,Open,"Confluence: fresh 9/21 EMA crossover + EMA9>EMA21>EMA50 alignment on 2026-09-21, above EMA50 trend filter. EMA9=1105.21 EMA21=1101.50 EMA50=1096.23",2026-09-22,1177.5,1108.17,,,,,,,,Yes,1105.21,1101.5,1096.23,1018.81
135,2026-09-21,DLF.NS,long_term_200ema,Open,Close crossed above rising EMA200 on 2026-09-21. EMA200=645.14 (vs 20d ago: 641.49),2026-09-22,662.0,561.21,,,,,,,,Yes,648.09,655.62,653.0,645.14
136,2026-09-21,DEEPAKFERT.NS,long_term_200ema,Closed,Close crossed above rising EMA200 on 2026-09-21. EMA200=1363.08 (vs 20d ago: 1361.50),2026-09-22,1365.9,1161.02,,2026-09-22,1340.4,Close_Below_EMA,-25.5,-1.87,0.0,Yes,1341.09,1373.82,1423.92,1363.08
137,2026-09-21,DIXON.NS,long_term_200ema,Open,Close crossed above rising EMA200 on 2026-09-21. EMA200=13044.93 (vs 20d ago: 12841.93),2026-09-22,13364.0,11347.5,,,,,,,,Yes,13417.29,13751.53,13708.59,13044.93
138,2026-09-21,INDHOTEL.NS,ema_confluence,Open,"Confluence: fresh 9/21 EMA crossover + EMA9>EMA21>EMA50 alignment on 2026-09-21, above EMA50 trend filter. EMA9=726.86 EMA21=724.74 EMA50=721.42",2026-09-22,749.4,700.3,,,,,,,,Yes,726.86,724.74,721.42,703.15
139,2026-09-21,JUBLFOOD.NS,ema_confluence,Open,"Confluence: fresh 9/21 EMA crossover + EMA9>EMA21>EMA50 alignment on 2026-09-21, above EMA50 trend filter. EMA9=481.81 EMA21=481.78 EMA50=473.49",2026-09-22,487.65,457.83,,,,,,,,Yes,481.81,481.78,473.49,490.61
140,2026-09-21,USHAMART.NS,ema_confluence,Open,"Confluence: fresh 9/21 EMA crossover + EMA9>EMA21>EMA50 alignment on 2026-09-21, above EMA50 trend filter. EMA9=502.98 EMA21=499.77 EMA50=496.49",2026-09-22,541.0,501.87,,,,,,,,Yes,502.98,499.77,496.49,463.09
141,2026-09-21,ZYDUSLIFE.NS,ema_confluence,Open,"Confluence: fresh 9/21 EMA crossover + EMA9>EMA21>EMA50 alignment on 2026-09-21, above EMA50 trend filter. EMA9=1137.31 EMA21=1136.16 EMA50=1126.99",2026-09-22,1161.0,1091.34,,,,,,,,Yes,1137.31,1136.16,1126.99,1043.45
142,2026-09-22,HINDZINC.NS,ema_confluence,Open,"Confluence: fresh 9/21 EMA crossover + EMA9>EMA21>EMA50 alignment on 2026-09-22, above EMA50 trend filter. EMA9=585.38 EMA21=585.22 EMA50=578.64",2026-09-23,596.0,555.07,,,,,,,,Yes,585.38,585.22,578.64,560.29
143,2026-09-22,HONASA.NS,ema_confluence,Open,"Confluence: fresh 9/21 EMA crossover + EMA9>EMA21>EMA50 alignment on 2026-09-22, above EMA50 trend filter. EMA9=471.51 EMA21=471.46 EMA50=462.16",2026-09-23,476.0,445.23,,,,,,,,Yes,471.51,471.46,462.16,390.66
144,2026-09-22,IKS.NS,ema_confluence,Open,"Confluence: fresh 9/21 EMA crossover + EMA9>EMA21>EMA50 alignment on 2026-09-22, above EMA50 trend filter. EMA9=1786.09 EMA21=1778.00 EMA50=1773.89",2026-09-23,1881.2,1757.05,,,,,,,,Yes,1786.09,1778.0,1773.89,1690.29
145,2026-09-22,SONACOMS.NS,ema_confluence,Open,"Confluence: fresh 9/21 EMA crossover + EMA9>EMA21>EMA50 alignment on 2026-09-22, above EMA50 trend filter. EMA9=795.46 EMA21=794.25 EMA50=767.49",2026-09-23,808.55,760.46,,,,,,,,Yes,795.46,794.25,767.49,641.94
146,2026-09-23,360ONE.NS,long_term_200ema,Pending,Close crossed above rising EMA200 on 2026-09-23. EMA200=1104.43 (vs 20d ago: 1102.47),,,941.8,,,,,,,,No,1085.33,1107.42,1123.63,1104.43
147,2026-09-23,CPPLUS.NS,ema_confluence,Pending,"Confluence: fresh 9/21 EMA crossover + EMA9>EMA21>EMA50 alignment on 2026-09-23, above EMA50 trend filter. EMA9=3630.67 EMA21=3629.00 EMA50=3555.90",,,3601.99,,,,,,,,No,3630.67,3629.0,3555.9,2768.12
148,2026-09-23,AJANTPHARM.NS,ema_confluence,Pending,"Confluence: fresh 9/21 EMA crossover + EMA9>EMA21>EMA50 alignment on 2026-09-23, above EMA50 trend filter. EMA9=3536.73 EMA21=3534.53 EMA50=3479.35",,,3354.01,,,,,,,,No,3536.73,3534.53,3479.35,3133.41
149,2026-09-23,ANANTRAJ.NS,ema_confluence,Pending,"Confluence: fresh 9/21 EMA crossover + EMA9>EMA21>EMA50 alignment on 2026-09-23, above EMA50 trend filter. EMA9=607.94 EMA21=607.80 EMA50=599.80",,,593.89,,,,,,,,No,607.94,607.8,599.8,564.75
150,2026-09-23,MAHABANK.NS,ema_confluence,Pending,"Confluence: fresh 9/21 EMA crossover + EMA9>EMA21>EMA50 alignment on 2026-09-23, above EMA50 trend filter. EMA9=82.80 EMA21=82.75 EMA50=82.26",,,79.06,,,,,,,,No,82.8,82.75,82.26,74.89
151,2026-09-23,BLUEJET.NS,ema_confluence,Pending,"Confluence: fresh 9/21 EMA crossover + EMA9>EMA21>EMA50 alignment on 2026-09-23, above EMA50 trend filter. EMA9=576.98 EMA21=576.88 EMA50=570.97",,,550.6,,,,,,,,No,576.98,576.88,570.97,541.24
152,2026-09-23,COHANCE.NS,ema_confluence,Pending,"Confluence: fresh 9/21 EMA crossover + EMA9>EMA21>EMA50 alignment on 2026-09-23, above EMA50 trend filter. EMA9=448.89 EMA21=447.71 EMA50=444.74",,,433.76,,,,,,,,No,448.89,447.71,444.74,490.56
153,2026-09-23,NYKAA.NS,ema_confluence,Pending,"Confluence: fresh 9/21 EMA crossover + EMA9>EMA21>EMA50 alignment on 2026-09-23, above EMA50 trend filter. EMA9=335.49 EMA21=335.23 EMA50=328.72",,,320.4,,,,,,,,No,335.49,335.23,328.72,290.01
154,2026-09-23,FIVESTAR.NS,ema_confluence,Pending,"Confluence: fresh 9/21 EMA crossover + EMA9>EMA21>EMA50 alignment on 2026-09-23, above EMA50 trend filter. EMA9=536.76 EMA21=535.37 EMA50=530.15",,,516.72,,,,,,,,No,536.76,535.37,530.15,518.39
155,2026-09-23,JINDALSTEL.NS,ema_confluence,Pending,"Confluence: fresh 9/21 EMA crossover + EMA9>EMA21>EMA50 alignment on 2026-09-23, above EMA50 trend filter. EMA9=1137.80 EMA21=1134.27 EMA50=1125.37",,,1104.78,,,,,,,,No,1137.8,1134.27,1125.37,1112.37
156,2026-09-23,KIRLOSENG.NS,ema_confluence,Pending,"Confluence: fresh 9/21 EMA crossover + EMA9>EMA21>EMA50 alignment on 2026-09-23, above EMA50 trend filter. EMA9=2157.11 EMA21=2152.65 EMA50=2141.05",,,2086.33,,,,,,,,No,2157.11,2152.65,2141.05,1789.0
157,2026-09-23,LT.NS,long_term_200ema,Pending,Close crossed above rising EMA200 on 2026-09-23. EMA200=3918.71 (vs 20d ago: 3914.87),,,3340.41,,,,,,,,No,3898.14,3931.64,3961.69,3918.71
158,2026-09-23,THELEELA.NS,ema_confluence,Pending,"Confluence: fresh 9/21 EMA crossover + EMA9>EMA21>EMA50 alignment on 2026-09-23, above EMA50 trend filter. EMA9=539.20 EMA21=538.84 EMA50=522.40",,,512.25,,,,,,,,No,539.2,538.84,522.4,470.34
159,2026-09-23,NSLNISP.NS,long_term_200ema,Pending,Close crossed above rising EMA200 on 2026-09-23. EMA200=42.92 (vs 20d ago: 42.64),,,37.36,,,,,,,,No,42.98,43.31,43.48,42.92
160,2026-09-23,NUVOCO.NS,ema_confluence,Pending,"Confluence: fresh 9/21 EMA crossover + EMA9>EMA21>EMA50 alignment on 2026-09-23, above EMA50 trend filter. EMA9=332.28 EMA21=331.13 EMA50=331.08",,,324.06,,,,,,,,No,332.28,331.13,331.08,335.01
161,2026-09-23,RADICO.NS,ema_confluence,Pending,"Confluence: fresh 9/21 EMA crossover + EMA9>EMA21>EMA50 alignment on 2026-09-23, above EMA50 trend filter. EMA9=4482.17 EMA21=4478.66 EMA50=4372.93",,,4325.79,,,,,,,,No,4482.17,4478.66,4372.93,3695.23
162,2026-09-23,TATACAP.NS,long_term_200ema,Pending,Close crossed above rising EMA200 on 2026-09-23. EMA200=343.34 (vs 20d ago: 339.60),,,297.54,,,,,,,,No,350.44,356.59,357.27,343.34
